dbn,beds
02M212,310200010212
29Q034,342900010034
17K091,331700010091
31R455,353100011455
07X522,320700011522
26Q188,342600010188
10X353,321000011353
09X236,320900010236
02M550,310200011550
84M861,310300860881
07X005,320700010005
75X811,307500012811
10X094,321000010094
01M184,310100010184
26Q173,342600010173
75X186,307500012186
23K518,332300010518
12X044,321200010044
32K168,333200011168
84K934,331700861165
25Q425,342500011425
79Q344,
02M438,310200011438
14K126,331400010126
10X159,321000010159
12X446,321200011446
84K712,331600860938
17K751,331700011751
12X314,321200010314
25Q263,342500011263
17K484,331700010484
84K037,331400861021
28Q904,
02M902,
27Q053,342700010053
15K447,331500010447
02M183,310200010183
28Q182,342800010182
32K299,333200010299
84Q386,342700861118
29Q035,342900010035
84M295,310600861101
31R075,353100010075
79K987,
84M351,310300860897
24Q236,342400011236
27Q108,342700010108
84X619,320800861155
16K688,331600011688
21K281,332100010281
28Q086,342800010086
15K001,331500010001
26Q376,342600010376
02M489,310200011489
02M051,310200010051
02M280,310200011280
84K927,331800861146
31R051,353100010051
84X497,320700861080
84X488,321100860956
14K110,331400010110
08X302,320800010302
10X308,321000010308
29Q268,342900010268
07X551,320700011551
79K755,
23K493,332300011493
84M380,310500861149
27Q480,342700011480
84K536,331300860893
14K586,331400011586
27Q123,342700010123
20K204,332000010204
24Q530,342400011530
75K503,
30Q329,343000010329
02M114,310200010114
02M442,310200011442
84X346,321200860898
30Q152,343000010152
07X369,320700010369
09X088,320900010088
75K140,307500013140
02M303,310200011303
02M393,310200011393
31R046,353100010046
84Q298,342400861048
14K257,331400010257
21K344,332100011344
30Q222,343000010222
12X267,321200011267
08X138,320800010138
84K879,331300861077
09X413,320900011413
28Q140,342800010140
10X081,321000010081
08X107,320800010107
75K396,307500013396
09X328,320900010328
84X429,321000861064
02M408,310200011408
30Q228,343000010228
09X297,320900011297
17K006,331700010006
79X997,
24Q014,342400010014
25Q499,342500011499
23K664,332300010664
19K149,331900010149
14K297,331400010297
09X361,320900010361
24Q311,342400010311
17K543,331700011543
31R022,353100010022
24Q019,342400010019
17K646,331700011646
03M245,310300010245
79K925,
84X606,320800861126
84K777,332300860936
10X280,321000010280
02M158,310200010158
08X561,320800011561
22K326,332200010326
02M294,310200011294
31R061,353100010061
21K239,332100010239
02M135,310200011135
09X128,320900010128
25Q193,342500010193
79M998,
29Q355,342900010355
12X214,321200010214
10X228,321000010228
13K011,331300010011
75X596,307500012596
75Q233,307500014233
84K766,331300861079
11X111,321100010111
12X531,321200010531
12X388,321200011388
32K552,333200011552
32K549,333200011549
18K068,331800010068
11X498,321100010498
27Q306,342700010306
84K649,331600860924
31R066,
03M009,310300010009
02M041,310200010041
19K171,331900010171
84K356,331700860879
84M483,310300860963
15K896,331500010896
28Q335,
02M531,310200011531
05M362,310500011362
31R028,353100010028
84M704,310400860812
15K698,331500011698
75Q811,307500014811
02M560,310200011560
75R721,307500015721
31R009,353100010009
06M322,310600010322
84X233,320700861028
84X706,320900860823
84K701,331400860809
75X010,307500012010
02M416,310200010416
24Q058,342400010058
09X457,320900010457
27Q090,342700010090
26Q216,342600010216
84X494,320900860980
15K463,331500011463
01M019,310100010019
10X023,321000010023
20K187,332000010187
10X246,321000010246
28Q620,342800011620
26Q074,342600010074
75X168,307500012168
05M286,310500010286
01M650,310100011650
18K208,331800010208
25Q252,342500011252
18K578,331800011578
24Q455,342400011455
84K473,331400860865
26Q041,342600010041
20K220,332000010220
84M204,310400861081
30Q148,343000010148
84X177,320900861004
79Q987,
25Q294,342500010294
84K752,331300861039
14K050,331400010050
09X070,320900010070
10X340,321000010340
05M499,310500011499
09X132,320900010132
02M347,310200010347
03M859,310300011859
13K605,331300011605
16K026,331600010026
24Q119,342400010119
25Q025,342500010025
24Q199,342400010199
22K361,332200010361
10X397,321000011397
84X398,321000860914
12X479,321200011479
11X468,321100010468
84X256,320700860703
07X030,320700010030
08X376,320800011376
07X065,320700010065
14K380,331400010380
79X993,
12X195,321200010195
14K414,331400010414
02M077,310200010077
11X041,321100010041
11X275,321100011275
84X592,321000861074
19K639,331900011639
84K792,331800860988
23K041,332300010041
84Q706,343000860836
09X260,320900011260
31R018,353100010018
09X594,320900010594
28Q690,342800011690
08X432,320800011432
10X209,321000010209
16K028,331600010028
31R003,353100010003
84Q337,342900861077
02M234,310200010234
16K309,331600010309
32K556,333200011556
10X439,321000011439
20K062,332000010062
27Q207,342700010207
10X091,321000010091
02M376,310200011376
31R042,353100010042
15K015,331500010015
12X682,321200011682
02M089,310200010089
84K775,332300860941
10X118,321000010118
84X703,320900860807
18K219,331800010219
84K693,331400860945
12X511,321200011511
31R054,353100010054
06M368,310600010368
03M505,310300011505
15K529,331500011529
13K902,
84M702,310300860804
15K136,331500010136
84R070,353100861136
79R971,
84M386,310300860923
31R016,353100010016
05M125,310500010125
31R460,353100011460
02M167,310200010167
75M811,307500011811
09X250,320900011250
27Q062,342700010062
01M332,310100010332
02M420,310200011420
03M541,310300011541
21K153,332100010153
14K477,331400011477
84M068,310600861013
31R072,353100010072
31R032,353100010032
12X341,321200010341
11X160,321100010160
84M174,310200861042
30Q078,343000010078
20K503,332000010503
26Q430,342600011430
75K231,307500013231
75X176,307500012176
24Q211,342400010211
30Q300,343000010300
26Q094,342600010094
02M033,310200010033
19K678,331900010678
17K191,331700010191
07X298,320700010298
84X309,320700860889
02M570,310200011570
26Q046,342600010046
02M059,310200010059
84K789,331300861066
02M198,310200010198
79M973,
84Q359,343000860998
10X056,321000010056
25Q240,342500011240
11X253,321100011253
19K224,331900010224
14K023,331400010023
26Q315,342600011315
79Q995,
31R440,353100011440
12X595,321200010595
22K611,332200011611
30Q011,343000010011
84Q341,342900860974
10X205,321000010205
13K054,331300010054
10X390,321000010390
26Q115,342600010115
32K116,333200010116
03M149,310300010149
11X016,321100010016
08X333,320800010333
28Q160,342800010160
13K351,331300010351
06M463,310600011463
84K367,331400861007
11X078,321100010078
25Q022,342500010022
30Q280,343000010280
22K425,332200011425
84X389,320700860915
20K186,332000010186
09X327,320900010327
19K273,331900010273
12X458,321200010458
23K363,332300010363
84K737,332300860954
19K663,331900010663
84K911,331300861110
10X225,321000010225
20K069,332000010069
17K408,331700011408
10X033,321000010033
84X585,320700861114
21K100,332100010100
84M708,310400860840
84K742,331700860950
30Q258,343000011258
22K315,332200010315
25Q792,342500011792
84M338,310600861111
15K032,331500010032
13K256,331300010256
09X218,320900010218
11X097,321100010097
17K722,331700010722
30Q069,343000010069
84X482,321200860965
15K839,331500010839
22K198,332200010198
11X180,321100010180
31R058,353100010058
02M427,310200011427
12X521,321200011521
75X721,307500012721
05M514,310500010514
84K886,331700861094
19K214,331900010214
08X152,320800010152
05M129,310500010129
08X048,320800010048
15K656,331500011656
84X124,321200861026
29Q192,342900010192
24Q267,342400011267
10X445,321000011445
15K418,
17K537,331700011537
08X101,320800010101
05M175,310500010175
07X001,320700010001
14K250,331400010250
02M217,310200010217
13K305,331300010305
10X546,321000011546
16K765,331600011765
24Q305,342400010305
01M696,310100011696
84M384,310500860921
84M478,310600860966
14K132,331400010132
18K285,331800010285
84M085,310500861012
84X614,320700861167
23K150,332300010150
79K981,
27Q319,342700010319
24Q081,342400010081
12X061,321200010061
28Q167,342800011167
20K485,332000011485
06M098,310600010098
08X537,320800011537
84X554,320700861005
02M544,310200011544
15K107,331500010107
08X348,320800011348
15K497,331500011497
30Q112,343000010112
29Q381,
75R037,307500015037
30Q204,343000010204
02M586,310200011586
24Q049,342400010049
75K753,307500013753
06M143,310600010143
30Q127,343000010127
03M452,310300010452
20K179,332000010179
84M330,310100860866
28Q349,342800010349
18K566,331800011566
02M308,310200011308
84X378,321100860909
10X054,321000010054
32K347,333200010347
24Q560,342400011560
75K077,307500013077
03M191,310300010191
84Q375,342700861090
26Q018,342600010018
06M314,310600010314
02M400,310200011400
20K264,332000010264
08X146,320800010146
75K369,307500013369
28Q101,342800010101
24Q007,342400010007
84Q321,343000860952
84K782,331600860971
30Q227,343000011227
13K670,331300011670
28Q284,342800011284
20K160,332000010160
07X427,320700011427
03M479,310300011479
09X073,320900010073
32K564,333200010564
12X271,321200011271
20K112,332000010112
10X020,321000010020
17K161,331700010161
03M256,310300010256
30Q145,343000010145
15K592,331500011592
08X014,320800010014
29Q134,342900010134
11X121,321100010121
75K141,307500013141
32K291,333200010291
11X087,321100010087
84X465,320700860994
16K627,331600010627
24Q485,342400011485
17K002,331700010002
08X375,320800010375
27Q262,342700011262
11X567,321100010567
79Q985,
14K319,331400010319
04M964,310400010964
11X265,321100011265
13K915,331300010915
02M003,310200010003
23K401,332300010401
21K096,332100010096
11X566,321100010566
18K244,331800010244
84X611,320700861154
08X320,320800011320
84M433,310400860968
17K394,331700010394
12X480,321200011480
07X381,320700011381
75K368,307500013368
30Q501,343000011501
18K279,331800010279
16K669,331600011669
19K007,331900010007
27Q065,342700010065
23K298,332300010298
32K075,333200010075
32K545,333200011545
32K145,333200010145
79K952,
24Q087,342400010087
23K644,332300011644
02M296,310200011296
23K327,332300010327
06M005,310600010005
08X559,320800011559
12X129,321200010129
03M258,310300010258
04M037,310400010037
02M520,310200011520
30Q070,343000010070
19K108,331900010108
31R062,353100010062
21K238,332100010238
27Q324,342700011324
02M439,310200011439
02M551,310200011551
12X006,321200010006
17K546,331700011546
75X188,307500012188
84X185,321200860870
07X670,320700011670
84K756,331700861040
16K262,331600010262
15K519,331500011519
31R068,353100010068
02M011,310200010011
20K127,332000010127
26Q221,342600010221
84K357,331700860882
84K724,331800860943
84M518,310400860995
09X449,320900010449
25Q200,342500010200
84K125,331400861022
02M533,310200011533
25Q209,342500010209
27Q334,342700011334
31R027,353100010027
15K448,331500010448
12X066,321200010066
84Q387,343000861152
79X985,
28Q054,342800010054
24Q102,342400010102
27Q650,342700011650
29Q036,342900010036
03M415,310300011415
25Q244,342500010244
04M610,310400011610
09X011,320900010011
25Q169,342500010169
03M492,310300011492
25Q194,342500010194
27Q097,342700010097
09X263,320900011263
10X024,321000010024
10X344,321000010344
31R004,353100010004
22K381,332200010381
13K313,331300010313
29Q289,342900010289
02M893,
14K488,331400011488
09X329,320900011329
29Q356,342900010356
14K031,331400010031
12X536,321200010536
13K044,331300010044
30Q575,343000011575
75M138,307500011138
22K194,332200010194
10X237,321000011237
84K538,333200860906
02M580,310200011580
01M064,310100010064
10X524,321000011524
21K559,332100011559
09X215,320900010215
75K373,307500013373
17K092,331700010092
13K616,331300011616
20K227,332000010227
19K583,331900011583
01M315,310100010315
03M185,310300010185
16K628,331600010628
84K937,331500861156
17K340,331700010340
06M513,310600010513
15K024,331500010024
11X418,321100011418
10X045,321000010045
23K165,332300010165
21K199,332100010199
02M392,310200011392
15K038,331500010038
27Q905,
84Q304,343000860932
10X315,321000010315
18K115,331800010115
11X108,321100010108
24Q061,342400010061
20K686,332000010686
84X422,321100860917
32K274,333200010274
79M921,
75M079,307500011079
19K764,331900011764
27Q183,342700010183
21K303,332100010303
84M265,310600861073
08X377,320800011377
18K233,331800010233
19K507,331900011507
10X037,321000010037
32K086,333200010086
84X255,321100860859
06M178,310600010178
84X597,321200861107
25Q020,342500010020
10X310,321000010310
18K637,331800011637
21K121,332100010121
15K442,331500010442
27Q362,342700010362
84X491,320700860957
84Q339,342900861078
31R052,353100010052
06M278,310600010278
09X555,320900010555
09X163,320900010163
84K928,331500861162
10X433,321000011433
06M115,310600010115
79K993,
02M655,310200011655
26Q031,342600010031
24Q330,342400010330
16K681,331600010681
84M263,310200861104
84K759,331800861033
21K840,
25Q525,342500011525
07X500,320700011500
30Q234,343000010234
29Q176,342900010176
02M432,310200011432
02M300,310200011300
30Q450,343000011450
11X089,321100010089
02M042,310200010042
29Q295,342900010295
31R035,353100010035
10X447,321000010447
08X071,320800010071
31R047,353100011047
06M348,310600011348
13K674,331300011674
84K362,331500860878
84R077,353100861175
03M860,310300011860
15K423,331500011423
07X334,320700011334
25Q120,342500010120
26Q159,342600010159
17K352,331700010352
16K267,331600010267
24Q264,342400011264
11X083,321100010083
07X031,320700010031
11X019,321100010019
84X407,320700860852
79K988,
10X363,321000010363
02M411,310200011411
04M108,310400010108
06M319,310600010319
25Q242,342500010242
28Q896,342800011896
08X293,320800011293
84X620,321000861121
29Q015,342900010015
84K702,331300860810
31R023,353100010023
84M353,310600860887
84K736,331800861057
31R008,353100010008
19K409,331900011409
75M226,307500011226
24Q093,342400010093
08X282,320800011282
84K780,331300860937
25Q164,342500010164
84X493,320700860981
84K793,333200860987
19K190,331900010190
05M161,310500010161
31R861,353100010861
10X051,321000010051
30Q286,343000011286
28Q217,342800010217
29Q270,342900010270
84X599,321000861130
28Q687,342800011687
84M382,310400860919
04M377,310400010377
30Q126,343000010126
14K577,331400010577
09X229,320900010229
15K010,331500010010
11X355,321100010355
09X110,320900010110
27Q253,342700010253
20K223,332000010223
11X532,321100010532
10X291,321000010291
24Q153,342400010153
22K555,332200011555
84M726,310500860858
19K065,331900010065
24Q307,342400010307
11X901,
19K502,331900011502
22K203,332200010203
02M131,310200010131
20K170,332000010170
30Q010,343000010010
06M153,310600010153
84K648,331600860918
02M500,310200011500
14K610,331400011610
29Q283,342900011283
33K891,
29Q135,342900010135
79M991,
10X077,321000010077
18K135,331800010135
13K439,331300011439
11X326,321100010326
23K697,332300011697
16K308,331600010308
07X224,320700010224
07X548,320700011548
25Q024,342500010024
31R901,
24Q331,
75Q177,307500014177
30Q235,343000010235
17K770,331700010770
10X032,321000010032
22K152,332200010152
84X586,320700861106
84X464,320800861074
18K268,331800010268
11X509,321100011509
15K462,331500011462
31R048,353100010048
24Q077,342400010077
21K099,332100010099
06M048,310600010048
02M422,310200011422
25Q379,342500010379
84K360,331600861003
21K228,332100010228
11X175,321100010175
06M018,310600010018
05M285,310500011285
27Q045,342700010045
03M307,310300011307
24Q229,342400010229
21K728,332100011728
09X109,320900010109
06M209,310600010209
11X096,321100010096
02M002,310200010002
84M329,310300860875
05M197,310500010197
10X351,321000011351
08X583,320800010583
75K771,307500013771
84X419,320900860913
84K883,331600861095
84K774,331900860933
30Q555,343000011555
11X144,321100010144
25Q163,342500010163
30Q502,343000011502
06M128,310600010128
84Q340,342700860990
08X467,320800010467
10X396,321000010396
02M297,310200010297
26Q191,342600010191
29Q116,342900010116
29Q326,342900011326
04M038,310400010038
84K406,331600860975
22K251,332200010251
02M340,310200010340
14K120,331400010120
11X103,321100010103
06M173,310600010173
75M751,307500011751
84M065,310500861001
31R470,353100011470
14K561,331400011561
75Q277,307500014277
06M223,310600010223
84K740,331900860958
31R013,353100010013
28Q144,342800010144
11X357,321100010357
29Q131,342900010131
79M331,
79K982,
27Q318,342700010318
09X204,320900010204
79Q997,
31R053,353100010053
11X153,321100010153
03M403,310300011403
07X277,320700010277
11X290,321100011290
07X161,320700010161
10X059,321000010059
31R019,353100010019
84M170,310200861043
75Q752,307500014752
24Q299,342400011299
03M243,310300010243
07X527,320700011527
84X610,320700861139
10X306,321000010306
26Q435,342600011435
84X393,320700860920
30Q212,343000010212
26Q203,342600010203
25Q130,342500010130
22K207,332200010207
28Q055,342800010055
04M372,310400010372
84K788,331900861072
22K014,332200010014
84X484,321100861076
14K157,331400010157
84X623,320700861137
30Q149,343000010149
84M357,310500861088
84M707,310200860819
03M087,310300010087
09X117,320900010117
10X374,321000011374
79Q994,
75X723,307500012723
10X903,
84X615,320700861173
20K048,332000010048
03M494,310300011494
17K528,331700011528
13K901,
05M148,310500011148
84K680,331900860993
08X072,320800010072
10X438,321000011438
11X270,321100011270
32K162,333200010162
75R405,
08X123,320800010123
21K095,332100010095
84M383,310500861171
23K156,332300010156
14K474,331400011474
84X730,320800860846
75R373,307500015373
15K131,331500010131
19K292,331900010292
29Q492,342900011492
02M519,310200011519
13K003,331300010003
84K910,331900861131
24Q239,342400010239
28Q082,342800010082
79Q975,
15K321,331500010321
06M189,310600010189
84K744,332100860949
20K506,332000010506
16K243,331600010243
17K399,331700010399
10X565,321000011565
27Q066,342700010066
05M030,310500010030
10X319,321000011319
03M250,310300010250
01M450,310100011450
79X695,
84M337,310400861061
28Q206,342800010206
28Q350,342800011350
31R041,353100010041
18K567,331800011567
26Q186,342600010186
11X181,321100010181
04M057,310400010057
27Q226,342700010226
27Q400,342700011400
03M291,310300011291
09X517,320900011517
10X254,321000010254
28Q175,342800010175
84Q374,342700861099
24Q343,342400010343
08X405,320800011405
02M006,310200010006
26Q098,342600010098
30Q389,
02M475,310200011475
02M527,310200010527
02M124,310200010124
02M260,310200010260
06M366,310600010366
25Q029,342500010029
84K182,331400861024
28Q050,342800010050
31R031,353100010031
84R067,353100860959
17K375,331700010375
28Q303,342800010303
10X477,321000011477
13K594,331600011594
30Q111,343000010111
02M419,310200011419
79X996,
75Q404,
03M166,310300010166
84K707,331500860935
18K617,331800011617
20K971,332000010971
27Q314,342700010314
84K626,332300860912
18K629,331800011629
11X544,321100011544
09X568,320900010568
84X553,321000860704
27Q261,342700011261
24Q585,342400011585
79M607,
20K200,332000010200
12X211,321200010211
75K036,307500013036
15K039,331500010039
31R026,353100010026
20K180,332000010180
84K486,331500861016
14K318,331400010318
08X301,320800010301
84X364,320700861035
75K053,307500013053
79M984,
22K195,332200010195
02M414,310200010414
19K346,331900010346
14K084,331400010084
31R057,353100010057
10X368,321000010368
04M096,310400010096
21K215,332100010215
06M311,310600010311
75K372,307500013372
14K018,331400010018
19K659,331900011659
07X049,320700010049
17K181,331700010181
09X443,320900010443
22K535,332200011535
02M399,310200011399
01M142,310100010142
02M116,310200010116
28Q325,342800011325
04M072,310400010072
28Q048,342800010048
28Q121,342800010121
18K211,331800010211
84M186,310300861034
19K615,331900011615
25Q154,342500010154
02M316,310200011316
21K226,332100010226
84X200,321200861010
18K576,331800011576
02M397,310200010397
16K025,331600010025
09X404,320900011404
11X068,321100010068
22K052,332200010052
03M862,310300010862
30Q291,343000010291
06M468,310600011468
17K353,331700010353
84K593,331600860860
11X481,321100010481
84X380,320800861044
12X067,321200010067
02M412,310200010412
24Q016,342400010016
02M615,310200011615
02M104,310200010104
06M349,310600010349
01M110,310100010110
18K366,331800010366
10X284,321000011284
27Q104,342700010104
10X085,321000010085
14K071,331400011071
15K146,331500010146
84K781,332200861076
07X584,320700010584
84X587,321200861108
10X264,321000011264
24Q290,342400010290
21K348,332100011348
17K241,331700010241
31R005,353100010005
28Q686,342800011686
05M036,310500010036
12X217,321200010217
22K312,332200010312
20K030,332000010030
13K595,331300011595
04M206,310400010206
09X114,320900010114
13K093,331300010093
14K558,331400011558
27Q308,342700011308
09X241,320900011241
19K013,331900010013
84K758,331500861011
11X529,321100010529
19K660,331900011660
28Q080,342800010080
17K547,331700011547
18K066,331800010066
75M094,307500011094
79X607,
32K403,333200011403
31R024,353100010024
10X046,321000010046
31R069,353100010069
05M154,310500010154
01M509,310100011509
20K176,332000010176
01M361,310100010361
84M481,310500860989
22K890,332200010890
08X448,320800010448
84K333,331700861027
27Q210,342700010210
29Q265,342900011265
75R505,
15K058,331500010058
14K685,331400011685
29Q248,342900011248
14K449,331400011449
84K710,332300860939
29Q243,342900011243
23K284,332300010284
84Q380,342400861113
27Q064,342700010064
02M543,310200011543
21K216,332100010216
31R007,353100010007
03M334,310300010334
07X179,320700010179
30Q092,343000010092
09X454,320900010454
25Q670,342500011670
07X025,320700010025
20K490,332000011490
10X535,
06M028,310600010028
22K109,332200010109
22K193,332200010193
02M289,310200010289
02M449,310200011449
24Q125,342400010125
04M146,310400010146
30Q445,343000011445
22K222,332200010222
24Q520,342400011520
27Q043,342700010043
14K582,331400010582
22K206,332200010206
05M670,310500011670
17K138,331700010138
03M299,310300011299
84M358,310200861087
31R036,353100010036
15K261,331500010261
21K337,332100011337
84Q373,342700861052
75M501,307500010000
27Q282,342700010282
08X337,320800010337
84K807,331900861065
26Q158,342600010158
20K609,332000011609
20K104,332000010104
08X269,320800011269
25Q201,342500010201
75M401,307500011401
07X018,320700010018
17K539,331700011539
07X359,320700010359
29Q136,342900010136
24Q143,342400010143
84X394,320700860925
07X223,320700010223
07X379,320700011379
18K276,331800010276
09X294,320900010294
19K510,331900011510
23K668,332300010668
21K098,332100010098
04M083,310400010083
13K008,331300010008
79X966,
28Q312,342800010312
84K733,333200861059
03M402,310300011402
21K410,332100011410
20K920,
25Q021,342500010021
32K045,333200010045
02M225,310200011225
29Q195,342900010195
84K790,332200861050
18K635,331800011635
17K122,331700011122
03M163,310300010163
17K382,331700011382
28Q287,342800010287
19K328,331900010328
08X558,320800011558
17K246,331700010246
10X331,321000010331
02M139,310200011139
09X053,320900010053
08X130,320800010130
84X598,321000861135
31R063,353100010063
30Q002,343000010002
28Q358,342800010358
25Q032,342500010032
09X525,320900011525
17K745,331700011745
32K554,333200011554
22K853,
06M187,310600010187
04M435,310400011435
10X007,321000010007
14K478,331400011478
79M992,
23K522,332300010522
08X312,320800010312
05M046,310500010046
04M012,310400010012
02M565,310200011565
21K128,332100010128
06M152,310600010152
19K422,331900011422
10X442,321000011442
84K930,331500861158
84K129,331500861023
06M132,310600010132
02M534,310200011534
84R076,353100861144
21K253,332100010253
27Q333,342700010333
01M378,310100010378
04M171,310400010171
18K114,331800010114
84M430,310600860929
18K763,331800010763
02M933,310200010933
06M328,310600010328
79K991,
15K088,331500010088
21K288,332100010288
84M279,310300860871
31R600,353100011600
26Q178,342600010178
29Q037,342900010037
27Q317,342700010317
24Q110,342400010110
03M180,310300010180
27Q060,342700010060
75X012,307500012012
09X311,320900010311
06M462,310600011462
09X170,320900010170
24Q088,342400010088
30Q171,343000010171
31R049,353100010049
02M282,310200011282
17K189,331700010189
22K234,332200010234
30Q361,343000010361
09X058,320900010058
22K134,332200010134
15K443,331500010443
30Q076,343000010076
26Q213,342600010213
84X492,320800861068
84K929,331900861132
29Q272,342900011272
11X556,321100010556
27Q056,342700010056
02M305,310200011305
79K992,
27Q351,342700011351
25Q129,342500010129
27Q475,342700011475
19K158,331900010158
84M320,310100860873
11X076,321100010076
84X362,320800861030
17K568,331700011568
11X194,321100010194
08X367,320800011367
09X582,
27Q105,342700010105
24Q550,342400011550
02M459,310200011459
02M630,310200011630
05M194,310500010194
28Q196,342800010196
75Q993,307500014993
28Q220,342800010220
19K345,331900010345
10X141,321000011141
09X274,320900010274
75Q009,307500014009
04M495,310400011495
12X463,321200010463
18K673,331800011673
26Q162,342600010162
29Q360,342900010360
13K266,331300010266
02M151,310200010151
32K562,333200010562
29Q132,342900010132
23K392,332300010392
20K163,332000010163
27Q273,342700010273
03M075,310300010075
84K739,332200861051
29Q147,342900010147
09X126,320900010126
32K376,333200010376
09X199,320900010199
13K270,331300010270
75K004,307500013004
79X995,
08X036,320800010036
75Q504,
09X227,320900011227
23K323,332300010323
02M972,
27Q260,342700011260
23K643,332300011643
22K630,332200011630
17K289,331700010289
20K102,332000010102
03M242,310300010242
09X564,320900011564
26Q067,342600010067
20K201,332000010201
84X609,320700861141
16K040,331600010040
84K803,331300861063
02M255,310200010255
12X318,321200010318
17K705,331700010705
30Q230,343000010230
10X437,321000011437
02M374,310200011374
84X486,320900861073
25Q185,342500010185
75K811,307500013811
01M292,310100011292
09X350,320900011350
84K882,333200861096
11X514,321100011514
31R060,353100010060
84M705,310400860806
19K618,331900011618
84K652,331800860916
28Q338,342800011338
26Q495,342600011495
28Q505,342800011505
02M126,310200010126
14K196,331400010196
04M007,310400010007
24Q089,342400010089
08X182,320800010182
06M528,310600010528
02M298,310200011298
02M267,310200010267
02M040,310200010040
84R012,353100861083
11X105,321100010105
24Q071,342400010071
17K532,331700010532
13K307,331300010307
10X549,321000011549
31R030,353100010030
27Q302,342700011302
04M224,310400010224
20K247,332000010247
20K768,
06M552,310600011552
11X249,321100011249
02M418,310200010418
84X718,321100860855
03M165,310300010165
79K983,
30Q084,343000010084
10X008,321000010008
21K468,332100011468
11X189,321100010189
29Q313,342900011313
25Q165,342500010165
84X539,321000860999
13K499,331300011499
06M423,310600011423
02M047,310200010047
27Q114,342700010114
15K676,331500010676
27Q377,342700010377
02M605,310200011605
75M721,307500011721
08X304,320800010304
20K229,332000010229
21K177,332100010177
27Q202,342700010202
84M336,310500860883
12X300,321200010300
03M485,310300011485
84K508,331300860902
84K785,331900860973
16K057,331600010057
02M001,310200010001
93M359,
03M054,310300010054
30Q150,343000010150
84K731,331600860847
02M111,310200010111
02M312,310200010312
07X259,320700011259
16K081,331600010081
08X371,320800010371
05M200,310500010200
84X579,321100861103
28Q174,342800010174
75K371,307500013371
13K020,331300010020
75Q224,307500014224
24Q013,342400010013
32K349,333200010349
08X392,320800010392
29Q327,342900011327
28Q680,342800011680
23K184,332300010184
84K395,332300861007
10X080,321000010080
02M343,310200010343
24Q028,342400010028
23K599,332300010599
28Q117,342800010117
22K119,332200010119
09X324,320900011324
10X382,321000010382
13K430,331300011430
07X473,320700011473
84X461,320900860962
28Q099,342800010099
31R001,353100010001
03M404,310300011404
07X043,320700010043
84K608,331800860908
31R020,353100010020
10X279,321000010279
18K588,331800010588
24Q744,342400011744
12X212,321200010212
17K316,331700010316
75Q255,307500014255
17K398,331700010398
28Q139,342800010139
12X691,321200011691
14K059,331400010059
09X231,320900011231
19K089,331900010089
18K235,331800010235
02M290,310200010290
84K772,332100861075
84X705,320900860839
75X754,307500012754
84K895,332100861123
31R056,353100010056
07X154,320700010154
08X452,320800011452
21K212,332100010212
05M517,310500010517
22K217,332200010217
20K445,332000011445
25Q409,
30Q398,343000010398
23K647,332300011647
14K017,331400010017
28Q190,342800010190
05M123,310500010123
13K527,331300011527
01M364,310100010364
84M522,310200860992
01M839,310100010839
84K757,331300861056
31R011,353100010011
25Q901,
20K682,332000010682
23K155,332300010155
84X616,321000861150
31R080,353100011080
84M168,310400861046
84K704,331700860841
16K455,331600011455
84Q388,342700861147
29Q238,342900010238
13K691,331300010691
06M103,310600010103
11X508,321100011508
11X288,321100011288
27Q096,342700010096
02M546,310200011546
09X543,320900011543
20K505,332000011505
27Q297,342700010297
07X343,320700010343
31R039,353100010039
84K359,331900860891
30Q580,343000011580
09X004,320900010004
06M210,310600010210
24Q600,342400011600
75M035,307500011035
27Q051,342700010051
16K035,331600010035
10X086,321000010086
07X029,320700010029
84X395,320700860926
02M413,310200010413
07X296,320700010296
84K711,332300860942
19K452,331900010452
84Q385,342500861133
84M350,310500860894
31R006,353100010006
03M333,310300010333
28Q310,342800011310
12X286,321200010286
84X617,321000861151
03M247,310300010247
84K791,332200860978
26Q172,342600010172
09X593,320900010593
05M157,310500011157
24Q610,342400011610
21K188,332100010188
31R038,353100010038
09X022,320900010022
01M140,310100010140
84X496,321100860948
10X213,321000011213
84X608,321100861120
26Q205,342600010205
10X244,321000010244
75Q004,307500014004
84K517,331300860901
17K012,331700010012
11X112,321100010112
12X242,321200010242
79M379,
15K094,331500010094
75X352,307500012352
21K209,332100010209
29Q251,342900010251
27Q124,342700010124
27Q309,342700011309
13K553,331300011553
08X530,320800011530
84K784,333200861045
27Q155,342700010155
19K404,331900011404
19K661,331900010661
05M092,310500010092
12X047,321200010047
05M133,310500010133
84Q170,342700860869
75R025,307500015025
04M155,310400010155
15K172,331500010172
22K889,332200010889
15K051,331500010051
30Q017,343000010017
79M993,
79Q950,
27Q137,342700010137
09X412,320900011412
84X460,321000861075
02M896,310200010896
11X106,321100010106
13K301,331300010301
15K684,331500011684
22K277,332200010277
84M284,310500860864
04M182,310400010182
84X208,320700861018
31R078,353100010078
12X478,321200011478
15K667,331500011667
25Q237,342500010237
11X169,321100010169
32K123,333200010123
84X589,321100861115
23K514,332300010514
06M052,310600010052
75Q075,307500014075
12X550,321200011550
01M020,310100010020
10X307,321000010307
84X487,320800860940
19K760,331900010760
22K240,332200010240
02M288,310200011288
84K912,332300861127
28Q328,342800011328
31R450,353100011450
84M202,310100861055
84X165,320800860872
30Q122,343000010122
84M335,310400860849
04M310,310200010310
27Q047,342700010047
75K403,
04M112,310400010112
15K863,
07X495,320700011495
10X095,321000010095
02M437,310200011437
84K746,332200860955
26Q566,342600011566
29Q033,342900010033
20K259,332000010259
24Q293,342400011293
12X150,321200010150
15K130,331500010130
26Q415,342600011415
28Q157,342800010157
08X069,320800010069
09X339,320900010339
31R045,353100010045
17K524,331700011524
07X157,320700010157
84M482,310500860979
84K355,331400860885
84K876,331700861086
06M467,310600011467
26Q266,342600010266
31R029,353100010029
10X360,321000010360
75X469,307500012469
31R605,353100011605
31R002,353100010002
06M324,310600010324
25Q107,342500010107
04M555,310400011555
09X063,320900010063
10X904,
29Q109,342900010109
79K984,
13K412,331300011412
12X196,321200010196
10X009,321000010009
29Q038,342900010038
03M417,310300011417
11X534,
11X455,321100011455
13K046,331300010046
84Q705,343000860822
32K383,333200010383
25Q214,342500010214
15K029,331500010029
12X248,321200011248
10X207,321000010207
24Q091,342400010091
29Q259,342900011259
20K310,332000010310
20K192,332000010192
03M241,310300010241
13K492,331300011492
19K557,331900010557
10X440,321000011440
17K221,331700010221
84K417,331300861006
13K067,331300010067
22K139,332200010139
01M188,310100010188
84M373,310600861140
21K572,332100011572
20K205,332000010205
15K169,331500010169
79Q988,
84K933,331700861164
10X268,321000011268
02M394,310200011394
79K607,
02M507,310200011507
04M497,310400010497
30Q141,343000010141
09X313,320900010313
13K009,331300010009
84M388,310500860928
21K097,332100010097
29Q181,342900010181
07X221,320700011221
07X557,320700011557
03M084,310300010084
19K364,331900010364
14K147,331400010147
29Q059,342900010059
21K540,332100011540
13K282,331300010282
15K295,331500010295
20K921,
84K741,331700861041
22K245,332200010245
02M281,310200010281
31R050,353100010050
08X131,320800010131
24Q073,342400010073
31R064,353100011064
07X600,320700011600
28Q440,342800011440
27Q232,342700010232
20K748,332000010748
25Q540,342500011540
10X386,321000010386
01M448,310100011448
21K329,332100010329
17K548,331700011548
09X252,320900011252
27Q042,342700010042
11X513,321100011513
04M680,310400011680
05M304,310500011304
13K483,331300011483
84Q372,342800860824
31R065,353100010065
08X140,320800010140
12X134,321200010134
01M015,310100010015
20K105,332000010105
27Q197,342700010197
01M363,310100010363
22K254,332200010254
28Q332,342800010332
09X403,320900011403
01M539,310100011539
17K354,331700010354
25Q281,342500011281
84R073,353100860984
30Q301,343000011301
20K185,332000010185
32K377,333200010377
75X017,307500012017
27Q146,342700010146
75M169,307500011169
11X462,321100010462
03M421,310300010421
12X251,321200011251
84K738,332200861053
19K662,331900010662
22K405,332200011405
79X994,
31R034,353100010034
10X342,321000011342
84X538,321100860982
11X542,321100011542
18K633,331800011633
05M692,310500011692
17K590,331700011590
24Q113,342400010113
29Q095,342900010095
27Q254,342700010254
19K202,331900010202
23K178,332300010178
75Q721,307500014721
14K034,331400010034
11X299,321100011299
08X075,320800010075
17K061,331700010061
10X434,321000011434
02M575,310200011575
09X365,320900011365
12X057,321200010057
18K581,331800010581
84M709,310500860848
79M982,
21K225,332100010225
31R059,353100010059
84X704,320700860820
12X273,321200010273
19K218,331900010218
16K021,331600010021
27Q316,342700010316
07X533,
14K614,331400011614
79Q996,
01M515,310100011515
28Q008,342800010008
84K651,331500860927
16K335,331600010335
24Q005,342400010005
10X206,321000010206
17K531,331700011531
03M145,310300010145
03M076,310300010076
32K384,333200010384
11X127,321100010127
84M385,310400860922
17K249,331700010249
15K429,331500011429
13K133,331300010133
13K287,331300010287
19K290,331900010290
16K005,331600010005
75K370,307500013370
15K154,331500010154
27Q063,342700010063
06M540,310600011540
84X717,320900860835
20K164,332000010164
09X035,320900010035
31R074,353100010074
15K464,331500011464
10X226,321000010226
09X505,320900011505
19K907,331900010907
19K325,331900010325
19K504,331900011504
21K101,332100010101
02M545,310200011545
15K230,331500010230
18K642,331800011642
10X003,321000010003
08X562,320800010562
12X316,321200010316
28Q354,342800010354
28Q040,342800010040
75K721,307500013721
08X093,320800010093
01M458,310100011458
29Q208,342900010208
84K769,331900860972
02M276,310200010276
25Q184,342500010184
31R044,353100010044
12X684,321200011684
18K569,331800011569
25Q460,342500011460
84Q342,342800860969
79M645,
27Q106,342700010106
06M192,310600010192
12X190,321200010190
06M008,310600010008
25Q219,342500010219
05M318,310500010318
05M369,310500011369
27Q336,
27Q100,342700010100
10X015,321000010015
10X391,321000010391
15K118,331500010118
02M529,310200011529
13K350,331300011350
26Q026,342600010026
84K379,331800860702
28Q072,342800010072
17K600,331700011600
25Q250,342500010250
84X387,320700861014
18K563,331800011563
02M177,310200010177
04M825,310400010825
02M391,
02M407,310200011407
28Q903,
26Q133,342600010133
11X021,321100010021
19K683,331900011683
84M100,310500861015
84X613,320800861143
23K446,332300010446
24Q296,342400011296
84M080,310100861031
31R010,353100010010
31R021,353100010021
04M102,310400010102
27Q323,342700010323
21K620,332100011620
79M994,
08X062,320800010062
11X287,321100010287
01M134,310100010134
09X055,320900010055
08X349,320800011349
30Q166,343000010166
06M004,310600010004
84X612,320700861145
06M211,310600011211
09X303,320900010303
09X028,320900010028
19K677,331900010677
29Q052,342900010052
29Q138,342900010138
09X232,320900010232
84X345,320800860903
04M375,310400010375
02M600,310200011600
19K159,331900010159
13K056,331300010056
14K016,331400010016
84X347,321000860904
22K197,332200010197
22K236,332200010236
79M971,
10X696,321000011696
21K090,332100010090
11X370,321100010370
24Q128,342400010128
22K078,332200010078
84Q083,342400861025
08X119,320800010119
30Q151,343000010151
19K213,331900010213
31R055,353100010055
84Q704,342900860821
02M313,310200011313
84Q320,342700861054
19K654,331900010654
24Q012,342400010012
10X243,321000011243
08X424,320800010424
25Q285,342500011285
16K898,331600010898
21K525,332100011525
02M150,310200010150
13K113,331300010113
23K137,332300010137
79R991,
19K306,331900010306
18K272,331800010272
12X383,321200010383
13K419,331300011419
15K767,
02M542,310200011542
31R445,353100011445
14K454,331400011454
32K151,333200010151
11X483,321100010483
21K690,332100011690
84X471,320700861062
09X042,320900010042
30Q085,343000010085
84X581,320700861100
16K498,331600011498
32K106,333200010106
25Q079,342500010079
84X472,320700861070
29Q156,342900010156
24Q068,342400010068
84K358,331900860880
11X545,321100011545
30Q384,343000010384
17K397,331700010397
11X178,321100010178
09X323,320900010323
01M034,310100010034
84M341,310500860886
22K255,332200010255
09X219,320900010219
25Q189,342500010189
01M063,310100010063
12X098,321200010098
03M199,310300010199
84K730,331500860953
84X202,320800861017
02M425,310200011425
06M293,310600011293
15K821,331500010821
25Q241,342500011241
29Q498,342900011498
07X151,320700010151
84K892,331600861112
13K265,331300010265
02M130,310200010130
13K869,
23K671,332300010671
27Q223,342700010223
15K516,331500010516
06M346,310600011346
22K278,332200010278
84X133,320900861029
75Q023,307500014023
15K124,331500010124
28Q161,342800010161
08X100,320800010100
84M523,310300861008
29Q118,342900010118
01M015,310100010015
01M019,310100010019
01M020,310100010020
01M034,310100010034
01M063,310100010063
01M064,310100010064
01M110,310100010110
01M134,310100010134
01M140,310100010140
01M142,310100010142
01M184,310100010184
01M188,310100010188
01M292,310100011292
01M315,310100010315
01M332,310100010332
01M361,310100010361
01M363,310100010363
01M364,310100010364
01M378,310100010378
01M448,310100011448
01M450,310100011450
01M458,310100011458
01M515,310100011515
01M539,310100011539
01M650,310100011650
01M696,310100011696
01M839,310100010839
02M001,310200010001
02M002,310200010002
02M003,310200010003
02M006,310200010006
02M011,310200010011
02M033,310200010033
02M040,310200010040
02M041,310200010041
02M042,310200010042
02M047,310200010047
02M051,310200010051
02M059,310200010059
02M077,310200010077
02M089,310200010089
02M104,310200010104
02M111,310200010111
02M114,310200010114
02M116,310200010116
02M124,310200010124
02M126,310200010126
02M130,310200010130
02M131,310200010131
02M135,310200011135
02M139,310200011139
02M150,310200010150
02M151,310200010151
02M158,310200010158
02M167,310200010167
02M177,310200010177
02M183,310200010183
02M198,310200010198
02M212,310200010212
02M217,310200010217
02M225,310200011225
02M234,310200010234
02M255,310200010255
02M260,310200010260
02M267,310200010267
02M276,310200010276
02M280,310200011280
02M281,310200010281
02M282,310200011282
02M288,310200011288
02M289,310200010289
02M290,310200010290
02M294,310200011294
02M296,310200011296
02M297,310200010297
02M298,310200011298
02M300,310200011300
02M303,310200011303
02M305,310200011305
02M308,310200011308
02M312,310200010312
02M313,310200011313
02M316,310200011316
02M340,310200010340
02M343,310200010343
02M347,310200010347
02M374,310200011374
02M376,310200011376
02M391,0
02M392,310200011392
02M393,310200011393
02M394,310200011394
02M397,310200010397
02M399,310200011399
02M400,310200011400
02M407,310200011407
02M408,310200011408
02M411,310200011411
02M412,310200010412
02M413,310200010413
02M414,310200010414
02M416,310200010416
02M418,310200010418
02M419,310200011419
02M420,310200011420
02M422,310200011422
02M425,310200011425
02M427,310200011427
02M432,310200011432
02M437,310200011437
02M438,310200011438
02M439,310200011439
02M442,310200011442
02M449,310200011449
02M459,310200011459
02M475,310200011475
02M489,310200011489
02M500,310200011500
02M507,310200011507
02M519,310200011519
02M520,310200011520
02M527,310200010527
02M529,310200011529
02M531,310200011531
02M533,310200011533
02M534,310200011534
02M542,310200011542
02M543,310200011543
02M544,310200011544
02M545,310200011545
02M546,310200011546
02M550,310200011550
02M551,310200011551
02M560,310200011560
02M565,310200011565
02M570,310200011570
02M575,310200011575
02M580,310200011580
02M586,310200011586
02M600,310200011600
02M605,310200011605
02M615,310200011615
02M630,310200011630
02M655,310200011655
02M896,310200010896
02M933,310200010933
03M009,310300010009
03M054,310300010054
03M075,310300010075
03M076,310300010076
03M084,310300010084
03M087,310300010087
03M145,310300010145
03M149,310300010149
03M163,310300010163
03M165,310300010165
03M166,310300010166
03M180,310300010180
03M185,310300010185
03M191,310300010191
03M199,310300010199
03M241,310300010241
03M242,310300010242
03M243,310300010243
03M245,310300010245
03M247,310300010247
03M250,310300010250
03M256,310300010256
03M258,310300010258
03M291,310300011291
03M299,310300011299
03M307,310300011307
03M333,310300010333
03M334,310300010334
03M402,310300011402
03M403,310300011403
03M404,310300011404
03M415,310300011415
03M417,310300011417
03M421,310300010421
03M452,310300010452
03M479,310300011479
03M485,310300011485
03M492,310300011492
03M494,310300011494
03M505,310300011505
03M541,310300011541
03M859,310300011859
03M860,310300011860
03M862,310300010862
04M007,310400010007
04M012,310400010012
04M037,310400010037
04M038,310400010038
04M057,310400010057
04M072,310400010072
04M083,310400010083
04M096,310400010096
04M102,310400010102
04M108,310400010108
04M112,310400010112
04M146,310400010146
04M155,310400010155
04M171,310400010171
04M182,310400010182
04M206,310400010206
04M224,310400010224
04M310,310200010310
04M372,310400010372
04M375,310400010375
04M377,310400010377
04M435,310400011435
04M495,310400011495
04M497,310400010497
04M555,310400011555
04M610,310400011610
04M680,310400011680
04M825,310400010825
04M964,310400010964
05M030,310500010030
05M036,310500010036
05M046,310500010046
05M092,310500010092
05M123,310500010123
05M125,310500010125
05M129,310500010129
05M133,310500010133
05M148,310500011148
05M154,310500010154
05M157,310500011157
05M161,310500010161
05M175,310500010175
05M194,310500010194
05M197,310500010197
05M200,310500010200
05M285,310500011285
05M286,310500010286
05M304,310500011304
05M318,310500010318
05M362,310500011362
05M369,310500011369
05M371,0
05M499,310500011499
05M514,310500010514
05M517,310500010517
05M670,310500011670
05M692,310500011692
06M004,310600010004
06M005,310600010005
06M008,310600010008
06M018,310600010018
06M028,310600010028
06M048,310600010048
06M052,310600010052
06M098,310600010098
06M103,310600010103
06M115,310600010115
06M128,310600010128
06M132,310600010132
06M143,310600010143
06M152,310600010152
06M153,310600010153
06M173,310600010173
06M178,310600010178
06M187,310600010187
06M189,310600010189
06M192,310600010192
06M209,310600010209
06M210,310600010210
06M211,310600011211
06M223,310600010223
06M278,310600010278
06M293,310600011293
06M311,310600010311
06M314,310600010314
06M319,310600010319
06M322,310600010322
06M324,310600010324
06M328,310600010328
06M346,310600011346
06M348,310600011348
06M349,310600010349
06M366,310600010366
06M368,310600010368
06M423,310600011423
06M462,310600011462
06M463,310600011463
06M467,310600011467
06M468,310600011468
06M513,310600010513
06M528,310600010528
06M540,310600011540
06M552,310600011552
07X001,320700010001
07X005,320700010005
07X018,320700010018
07X025,320700010025
07X029,320700010029
07X030,320700010030
07X031,320700010031
07X043,320700010043
07X049,320700010049
07X065,320700010065
07X151,320700010151
07X154,320700010154
07X157,320700010157
07X161,320700010161
07X179,320700010179
07X221,320700011221
07X223,320700010223
07X224,320700010224
07X259,320700011259
07X277,320700010277
07X296,320700010296
07X298,320700010298
07X334,320700011334
07X343,320700010343
07X359,320700010359
07X369,320700010369
07X379,320700011379
07X381,320700011381
07X427,320700011427
07X473,320700011473
07X495,320700011495
07X500,320700011500
07X522,320700011522
07X527,320700011527
07X533,0
07X548,320700011548
07X551,320700011551
07X557,320700011557
07X584,320700010584
07X600,320700011600
07X625,0
07X670,320700011670
08X014,320800010014
08X036,320800010036
08X048,320800010048
08X062,320800010062
08X069,320800010069
08X071,320800010071
08X072,320800010072
08X075,320800010075
08X093,320800010093
08X100,320800010100
08X101,320800010101
08X107,320800010107
08X119,320800010119
08X123,320800010123
08X130,320800010130
08X131,320800010131
08X138,320800010138
08X140,320800010140
08X146,320800010146
08X152,320800010152
08X182,320800010182
08X269,320800011269
08X282,320800011282
08X293,320800011293
08X301,320800010301
08X302,320800010302
08X304,320800010304
08X312,320800010312
08X320,320800011320
08X333,320800010333
08X337,320800010337
08X348,320800011348
08X349,320800011349
08X367,320800011367
08X371,320800010371
08X375,320800010375
08X376,320800011376
08X377,320800011377
08X392,320800010392
08X405,320800011405
08X424,320800010424
08X432,320800011432
08X448,320800010448
08X452,320800011452
08X467,320800010467
08X530,320800011530
08X537,320800011537
08X558,320800011558
08X559,320800011559
08X561,320800011561
08X562,320800010562
08X583,320800010583
09X004,320900010004
09X011,320900010011
09X022,320900010022
09X028,320900010028
09X035,320900010035
09X042,320900010042
09X053,320900010053
09X055,320900010055
09X058,320900010058
09X063,320900010063
09X070,320900010070
09X073,320900010073
09X088,320900010088
09X109,320900010109
09X110,320900010110
09X114,320900010114
09X117,320900010117
09X126,320900010126
09X128,320900010128
09X132,320900010132
09X163,320900010163
09X170,320900010170
09X199,320900010199
09X204,320900010204
09X215,320900010215
09X218,320900010218
09X219,320900010219
09X227,320900011227
09X229,320900010229
09X231,320900011231
09X232,320900010232
09X236,320900010236
09X241,320900011241
09X250,320900011250
09X252,320900011252
09X260,320900011260
09X263,320900011263
09X274,320900010274
09X294,320900010294
09X297,320900011297
09X303,320900010303
09X311,320900010311
09X313,320900010313
09X323,320900010323
09X324,320900011324
09X327,320900010327
09X328,320900010328
09X329,320900011329
09X339,320900010339
09X350,320900011350
09X361,320900010361
09X365,320900011365
09X403,320900011403
09X404,320900011404
09X412,320900011412
09X413,320900011413
09X443,320900010443
09X449,320900010449
09X454,320900010454
09X457,320900010457
09X505,320900011505
09X517,320900011517
09X525,320900011525
09X543,320900011543
09X555,320900010555
09X564,320900011564
09X568,320900010568
09X582,0
09X593,320900010593
09X594,320900010594
10X003,321000010003
10X007,321000010007
10X008,321000010008
10X009,321000010009
10X015,321000010015
10X020,321000010020
10X023,321000010023
10X024,321000010024
10X032,321000010032
10X033,321000010033
10X037,321000010037
10X045,321000010045
10X046,321000010046
10X051,321000010051
10X054,321000010054
10X056,321000010056
10X059,321000010059
10X077,321000010077
10X080,321000010080
10X081,321000010081
10X085,321000010085
10X086,321000010086
10X091,321000010091
10X094,321000010094
10X095,321000010095
10X118,321000010118
10X141,321000011141
10X159,321000010159
10X205,321000010205
10X206,321000010206
10X207,321000010207
10X209,321000010209
10X213,321000011213
10X225,321000010225
10X226,321000010226
10X228,321000010228
10X237,321000011237
10X243,321000011243
10X244,321000010244
10X246,321000010246
10X254,321000010254
10X264,321000011264
10X268,321000011268
10X279,321000010279
10X280,321000010280
10X284,321000011284
10X291,321000010291
10X306,321000010306
10X307,321000010307
10X308,321000010308
10X310,321000010310
10X315,321000010315
10X319,321000011319
10X331,321000010331
10X340,321000010340
10X342,321000011342
10X344,321000010344
10X351,321000011351
10X353,321000011353
10X360,321000010360
10X363,321000010363
10X368,321000010368
10X374,321000011374
10X382,321000010382
10X386,321000010386
10X390,321000010390
10X391,321000010391
10X396,321000010396
10X397,321000011397
10X433,321000011433
10X434,321000011434
10X437,321000011437
10X438,321000011438
10X439,321000011439
10X440,321000011440
10X442,321000011442
10X445,321000011445
10X447,321000010447
10X477,321000011477
10X524,321000011524
10X535,0
10X546,321000011546
10X549,321000011549
10X565,321000011565
10X696,321000011696
11X016,321100010016
11X019,321100010019
11X021,321100010021
11X041,321100010041
11X068,321100010068
11X076,321100010076
11X078,321100010078
11X083,321100010083
11X087,321100010087
11X089,321100010089
11X096,321100010096
11X097,321100010097
11X103,321100010103
11X105,321100010105
11X106,321100010106
11X108,321100010108
11X111,321100010111
11X112,321100010112
11X121,321100010121
11X127,321100010127
11X144,321100010144
11X153,321100010153
11X160,321100010160
11X169,321100010169
11X175,321100010175
11X178,321100010178
11X180,321100010180
11X181,321100010181
11X189,321100010189
11X194,321100010194
11X249,321100011249
11X253,321100011253
11X265,321100011265
11X270,321100011270
11X275,321100011275
11X287,321100010287
11X288,321100011288
11X290,321100011290
11X299,321100011299
11X326,321100010326
11X355,321100010355
11X357,321100010357
11X370,321100010370
11X418,321100011418
11X455,321100011455
11X462,321100010462
11X468,321100010468
11X481,321100010481
11X483,321100010483
11X498,321100010498
11X508,321100011508
11X509,321100011509
11X513,321100011513
11X514,321100011514
11X529,321100010529
11X532,321100010532
11X534,0
11X542,321100011542
11X544,321100011544
11X545,321100011545
11X556,321100010556
11X566,321100010566
11X567,321100010567
12X006,321200010006
12X044,321200010044
12X047,321200010047
12X057,321200010057
12X061,321200010061
12X066,321200010066
12X067,321200010067
12X098,321200010098
12X129,321200010129
12X134,321200010134
12X150,321200010150
12X190,321200010190
12X195,321200010195
12X196,321200010196
12X211,321200010211
12X214,321200010214
12X217,321200010217
12X242,321200010242
12X248,321200011248
12X251,321200011251
12X267,321200011267
12X271,321200011271
12X273,321200010273
12X286,321200010286
12X300,321200010300
12X314,321200010314
12X316,321200010316
12X318,321200010318
12X341,321200010341
12X383,321200010383
12X388,321200011388
12X446,321200011446
12X458,321200010458
12X463,321200010463
12X478,321200011478
12X479,321200011479
12X480,321200011480
12X511,321200011511
12X521,321200011521
12X531,321200010531
12X536,321200010536
12X550,321200011550
12X595,321200010595
12X626,0
12X682,321200011682
12X684,321200011684
12X691,321200011691
13K003,331300010003
13K008,331300010008
13K009,331300010009
13K011,331300010011
13K020,331300010020
13K044,331300010044
13K046,331300010046
13K054,331300010054
13K056,331300010056
13K067,331300010067
13K093,331300010093
13K113,331300010113
13K133,331300010133
13K256,331300010256
13K265,331300010265
13K266,331300010266
13K270,331300010270
13K282,331300010282
13K287,331300010287
13K301,331300010301
13K307,331300010307
13K313,331300010313
13K350,331300011350
13K351,331300010351
13K412,331300011412
13K419,331300011419
13K430,331300011430
13K439,331300011439
13K483,331300011483
13K492,331300011492
13K527,331300011527
13K553,331300011553
13K594,331600011594
13K595,331300011595
13K605,331300011605
13K616,331300011616
13K670,331300011670
13K674,331300011674
13K691,331300010691
13K869,0
13K915,331300010915
14K016,331400010016
14K017,331400010017
14K018,331400010018
14K023,331400010023
14K031,331400010031
14K034,331400010034
14K050,331400010050
14K059,331400010059
14K071,331400011071
14K084,331400010084
14K110,331400010110
14K120,331400010120
14K126,331400010126
14K132,331400010132
14K147,331400010147
14K157,331400010157
14K196,331400010196
14K250,331400010250
14K257,331400010257
14K297,331400010297
14K318,331400010318
14K319,331400010319
14K380,331400010380
14K414,331400010414
14K449,331400011449
14K454,331400011454
14K474,331400011474
14K477,331400011477
14K478,331400011478
14K488,331400011488
14K558,331400011558
14K561,331400011561
14K577,331400010577
14K582,331400010582
14K586,331400011586
14K610,331400011610
14K614,331400011614
14K685,331400011685
15K001,331500010001
15K010,331500010010
15K015,331500010015
15K024,331500010024
15K029,331500010029
15K032,331500010032
15K038,331500010038
15K039,331500010039
15K051,331500010051
15K058,331500010058
15K088,331500010088
15K094,331500010094
15K107,331500010107
15K118,331500010118
15K124,331500010124
15K130,331500010130
15K131,331500010131
15K136,331500010136
15K146,331500010146
15K154,331500010154
15K169,331500010169
15K172,331500010172
15K230,331500010230
15K261,331500010261
15K295,331500010295
15K321,331500010321
15K423,331500011423
15K429,331500011429
15K442,331500010442
15K443,331500010443
15K447,331500010447
15K448,331500010448
15K462,331500011462
15K463,331500011463
15K464,331500011464
15K497,331500011497
15K516,331500010516
15K519,331500011519
15K529,331500011529
15K592,331500011592
15K656,331500011656
15K667,331500011667
15K676,331500010676
15K684,331500011684
15K698,331500011698
15K767,0
15K821,331500010821
15K839,331500010839
15K863,0
15K896,331500010896
16K005,331600010005
16K021,331600010021
16K025,331600010025
16K026,331600010026
16K035,331600010035
16K040,331600010040
16K057,331600010057
16K081,331600010081
16K243,331600010243
16K262,331600010262
16K267,331600010267
16K308,331600010308
16K309,331600010309
16K335,331600010335
16K455,331600011455
16K498,331600011498
16K627,331600010627
16K628,331600010628
16K669,331600011669
16K681,331600010681
16K688,331600011688
16K765,331600011765
16K898,331600010898
17K002,331700010002
17K006,331700010006
17K012,331700010012
17K061,331700010061
17K091,331700010091
17K092,331700010092
17K122,331700011122
17K138,331700010138
17K161,331700010161
17K181,331700010181
17K189,331700010189
17K191,331700010191
17K221,331700010221
17K241,331700010241
17K246,331700010246
17K249,331700010249
17K289,331700010289
17K316,331700010316
17K340,331700010340
17K352,331700010352
17K353,331700010353
17K354,331700010354
17K375,331700010375
17K382,331700011382
17K394,331700010394
17K397,331700010397
17K398,331700010398
17K399,331700010399
17K408,331700011408
17K484,331700010484
17K524,331700011524
17K528,331700011528
17K531,331700011531
17K532,331700010532
17K537,331700011537
17K539,331700011539
17K543,331700011543
17K546,331700011546
17K547,331700011547
17K548,331700011548
17K568,331700011568
17K590,331700011590
17K600,331700011600
17K646,331700011646
17K705,331700010705
17K722,331700010722
17K745,331700011745
17K751,331700011751
17K770,331700010770
18K066,331800010066
18K068,331800010068
18K114,331800010114
18K115,331800010115
18K135,331800010135
18K208,331800010208
18K211,331800010211
18K219,331800010219
18K233,331800010233
18K235,331800010235
18K244,331800010244
18K268,331800010268
18K272,331800010272
18K276,331800010276
18K279,331800010279
18K285,331800010285
18K366,331800010366
18K563,331800011563
18K566,331800011566
18K567,331800011567
18K569,331800011569
18K576,331800011576
18K578,331800011578
18K581,331800010581
18K588,331800010588
18K617,331800011617
18K629,331800011629
18K633,331800011633
18K635,331800011635
18K637,331800011637
18K642,331800011642
18K673,331800011673
18K763,331800010763
19K007,331900010007
19K013,331900010013
19K065,331900010065
19K089,331900010089
19K108,331900010108
19K149,331900010149
19K158,331900010158
19K159,331900010159
19K171,331900010171
19K190,331900010190
19K202,331900010202
19K213,331900010213
19K214,331900010214
19K218,331900010218
19K224,331900010224
19K273,331900010273
19K290,331900010290
19K292,331900010292
19K306,331900010306
19K325,331900010325
19K328,331900010328
19K345,331900010345
19K346,331900010346
19K364,331900010364
19K404,331900011404
19K409,331900011409
19K422,331900011422
19K452,331900010452
19K502,331900011502
19K504,331900011504
19K507,331900011507
19K510,331900011510
19K557,331900010557
19K583,331900011583
19K615,331900011615
19K618,331900011618
19K639,331900011639
19K654,331900010654
19K659,331900011659
19K660,331900011660
19K661,331900010661
19K662,331900010662
19K663,331900010663
19K677,331900010677
19K678,331900010678
19K683,331900011683
19K760,331900010760
19K764,331900011764
19K907,331900010907
19K938,0
19K953,0
20K030,332000010030
20K048,332000010048
20K062,332000010062
20K069,332000010069
20K102,332000010102
20K104,332000010104
20K105,332000010105
20K112,332000010112
20K127,332000010127
20K160,332000010160
20K163,332000010163
20K164,332000010164
20K170,332000010170
20K176,332000010176
20K179,332000010179
20K180,332000010180
20K185,332000010185
20K186,332000010186
20K187,332000010187
20K192,332000010192
20K200,332000010200
20K201,332000010201
20K204,332000010204
20K205,332000010205
20K220,332000010220
20K223,332000010223
20K227,332000010227
20K229,332000010229
20K247,332000010247
20K259,332000010259
20K264,332000010264
20K310,332000010310
20K445,332000011445
20K485,332000011485
20K490,332000011490
20K503,332000010503
20K505,332000011505
20K506,332000010506
20K609,332000011609
20K682,332000010682
20K686,332000010686
20K748,332000010748
20K768,0
20K936,0
20K939,0
20K971,332000010971
21K090,332100010090
21K095,332100010095
21K096,332100010096
21K097,332100010097
21K098,332100010098
21K099,332100010099
21K100,332100010100
21K101,332100010101
21K121,332100010121
21K128,332100010128
21K153,332100010153
21K177,332100010177
21K188,332100010188
21K199,332100010199
21K209,332100010209
21K212,332100010212
21K215,332100010215
21K216,332100010216
21K225,332100010225
21K226,332100010226
21K228,332100010228
21K238,332100010238
21K239,332100010239
21K253,332100010253
21K281,332100010281
21K288,332100010288
21K303,332100010303
21K329,332100010329
21K337,332100011337
21K344,332100011344
21K348,332100011348
21K410,332100011410
21K468,332100011468
21K525,332100011525
21K540,332100011540
21K559,332100011559
21K572,332100011572
21K620,332100011620
21K690,332100011690
21K728,332100011728
21K840,0
22K014,332200010014
22K052,332200010052
22K078,332200010078
22K109,332200010109
22K119,332200010119
22K134,332200010134
22K139,332200010139
22K152,332200010152
22K193,332200010193
22K194,332200010194
22K195,332200010195
22K197,332200010197
22K198,332200010198
22K203,332200010203
22K206,332200010206
22K207,332200010207
22K217,332200010217
22K222,332200010222
22K234,332200010234
22K236,332200010236
22K240,332200010240
22K245,332200010245
22K251,332200010251
22K254,332200010254
22K255,332200010255
22K277,332200010277
22K278,332200010278
22K312,332200010312
22K315,332200010315
22K326,332200010326
22K361,332200010361
22K381,332200010381
22K405,332200011405
22K425,332200011425
22K535,332200011535
22K555,332200011555
22K611,332200011611
22K630,332200011630
22K853,0
22K889,332200010889
22K890,332200010890
23K041,332300010041
23K137,332300010137
23K150,332300010150
23K155,332300010155
23K156,332300010156
23K165,332300010165
23K178,332300010178
23K184,332300010184
23K284,332300010284
23K298,332300010298
23K323,332300010323
23K327,332300010327
23K363,332300010363
23K392,332300010392
23K401,332300010401
23K446,332300010446
23K493,332300011493
23K514,332300010514
23K518,332300010518
23K522,332300010522
23K599,332300010599
23K643,332300011643
23K644,332300011644
23K647,332300011647
23K664,332300010664
23K668,332300010668
23K671,332300010671
23K697,332300011697
24Q005,342400010005
24Q007,342400010007
24Q012,342400010012
24Q013,342400010013
24Q014,342400010014
24Q016,342400010016
24Q019,342400010019
24Q028,342400010028
24Q049,342400010049
24Q058,342400010058
24Q061,342400010061
24Q068,342400010068
24Q071,342400010071
24Q073,342400010073
24Q077,342400010077
24Q081,342400010081
24Q087,342400010087
24Q088,342400010088
24Q089,342400010089
24Q091,342400010091
24Q093,342400010093
24Q102,342400010102
24Q110,342400010110
24Q113,342400010113
24Q119,342400010119
24Q125,342400010125
24Q128,342400010128
24Q143,342400010143
24Q153,342400010153
24Q199,342400010199
24Q211,342400010211
24Q229,342400010229
24Q236,342400011236
24Q239,342400010239
24Q264,342400011264
24Q267,342400011267
24Q290,342400010290
24Q293,342400011293
24Q296,342400011296
24Q299,342400011299
24Q305,342400010305
24Q307,342400010307
24Q311,342400010311
24Q330,342400010330
24Q331,0
24Q343,342400010343
24Q455,342400011455
24Q485,342400011485
24Q520,342400011520
24Q530,342400011530
24Q550,342400011550
24Q560,342400011560
24Q585,342400011585
24Q600,342400011600
24Q610,342400011610
24Q744,342400011744
25Q020,342500010020
25Q021,342500010021
25Q022,342500010022
25Q024,342500010024
25Q025,342500010025
25Q029,342500010029
25Q032,342500010032
25Q079,342500010079
25Q107,342500010107
25Q120,342500010120
25Q129,342500010129
25Q130,342500010130
25Q154,342500010154
25Q163,342500010163
25Q164,342500010164
25Q165,342500010165
25Q169,342500010169
25Q184,342500010184
25Q185,342500010185
25Q189,342500010189
25Q193,342500010193
25Q194,342500010194
25Q200,342500010200
25Q201,342500010201
25Q209,342500010209
25Q214,342500010214
25Q219,342500010219
25Q237,342500010237
25Q240,342500011240
25Q241,342500011241
25Q242,342500010242
25Q244,342500010244
25Q250,342500010250
25Q252,342500011252
25Q263,342500011263
25Q281,342500011281
25Q285,342500011285
25Q294,342500010294
25Q379,342500010379
25Q409,0
25Q425,342500011425
25Q460,342500011460
25Q499,342500011499
25Q525,342500011525
25Q540,342500011540
25Q670,342500011670
25Q792,342500011792
26Q018,342600010018
26Q026,342600010026
26Q031,342600010031
26Q041,342600010041
26Q046,342600010046
26Q067,342600010067
26Q074,342600010074
26Q094,342600010094
26Q098,342600010098
26Q115,342600010115
26Q133,342600010133
26Q158,342600010158
26Q159,342600010159
26Q162,342600010162
26Q172,342600010172
26Q173,342600010173
26Q178,342600010178
26Q186,342600010186
26Q188,342600010188
26Q191,342600010191
26Q203,342600010203
26Q205,342600010205
26Q213,342600010213
26Q216,342600010216
26Q221,342600010221
26Q266,342600010266
26Q315,342600011315
26Q376,342600010376
26Q390,0
26Q415,342600011415
26Q430,342600011430
26Q435,342600011435
26Q495,342600011495
26Q566,342600011566
27Q042,342700010042
27Q043,342700010043
27Q045,342700010045
27Q047,342700010047
27Q051,342700010051
27Q053,342700010053
27Q056,342700010056
27Q060,342700010060
27Q062,342700010062
27Q063,342700010063
27Q064,342700010064
27Q065,342700010065
27Q066,342700010066
27Q090,342700010090
27Q096,342700010096
27Q097,342700010097
27Q100,342700010100
27Q104,342700010104
27Q105,342700010105
27Q106,342700010106
27Q108,342700010108
27Q114,342700010114
27Q123,342700010123
27Q124,342700010124
27Q137,342700010137
27Q146,342700010146
27Q155,342700010155
27Q183,342700010183
27Q197,342700010197
27Q202,342700010202
27Q207,342700010207
27Q210,342700010210
27Q223,342700010223
27Q226,342700010226
27Q232,342700010232
27Q253,342700010253
27Q254,342700010254
27Q260,342700011260
27Q261,342700011261
27Q262,342700011262
27Q273,342700010273
27Q282,342700010282
27Q297,342700010297
27Q302,342700011302
27Q306,342700010306
27Q308,342700011308
27Q309,342700011309
27Q314,342700010314
27Q316,342700010316
27Q317,342700010317
27Q318,342700010318
27Q319,342700010319
27Q323,342700010323
27Q324,342700011324
27Q333,342700010333
27Q334,342700011334
27Q336,0
27Q351,342700011351
27Q362,342700010362
27Q377,342700010377
27Q400,342700011400
27Q475,342700011475
27Q480,342700011480
27Q650,342700011650
28Q008,342800010008
28Q040,342800010040
28Q048,342800010048
28Q050,342800010050
28Q054,342800010054
28Q055,342800010055
28Q072,342800010072
28Q080,342800010080
28Q082,342800010082
28Q086,342800010086
28Q099,342800010099
28Q101,342800010101
28Q117,342800010117
28Q121,342800010121
28Q139,342800010139
28Q140,342800010140
28Q144,342800010144
28Q157,342800010157
28Q160,342800010160
28Q161,342800010161
28Q167,342800011167
28Q174,342800010174
28Q175,342800010175
28Q182,342800010182
28Q190,342800010190
28Q196,342800010196
28Q206,342800010206
28Q217,342800010217
28Q220,342800010220
28Q284,342800011284
28Q287,342800010287
28Q303,342800010303
28Q310,342800011310
28Q312,342800010312
28Q325,342800011325
28Q328,342800011328
28Q332,342800010332
28Q335,0
28Q338,342800011338
28Q349,342800010349
28Q350,342800011350
28Q354,342800010354
28Q358,342800010358
28Q440,342800011440
28Q505,342800011505
28Q620,342800011620
28Q680,342800011680
28Q686,342800011686
28Q687,342800011687
28Q690,342800011690
28Q896,342800011896
29Q015,342900010015
29Q033,342900010033
29Q034,342900010034
29Q035,342900010035
29Q036,342900010036
29Q037,342900010037
29Q038,342900010038
29Q052,342900010052
29Q059,342900010059
29Q095,342900010095
29Q109,342900010109
29Q116,342900010116
29Q118,342900010118
29Q131,342900010131
29Q132,342900010132
29Q134,342900010134
29Q135,342900010135
29Q136,342900010136
29Q138,342900010138
29Q147,342900010147
29Q156,342900010156
29Q176,342900010176
29Q181,342900010181
29Q192,342900010192
29Q195,342900010195
29Q208,342900010208
29Q238,342900010238
29Q243,342900011243
29Q248,342900011248
29Q251,342900010251
29Q259,342900011259
29Q265,342900011265
29Q268,342900010268
29Q270,342900010270
29Q272,342900011272
29Q283,342900011283
29Q289,342900010289
29Q295,342900010295
29Q313,342900011313
29Q326,342900011326
29Q327,342900011327
29Q355,342900010355
29Q356,342900010356
29Q360,342900010360
29Q381,0
29Q492,342900011492
29Q498,342900011498
30Q002,343000010002
30Q010,343000010010
30Q011,343000010011
30Q017,343000010017
30Q069,343000010069
30Q070,343000010070
30Q076,343000010076
30Q078,343000010078
30Q084,343000010084
30Q085,343000010085
30Q092,343000010092
30Q111,343000010111
30Q112,343000010112
30Q122,343000010122
30Q126,343000010126
30Q127,343000010127
30Q141,343000010141
30Q145,343000010145
30Q148,343000010148
30Q149,343000010149
30Q150,343000010150
30Q151,343000010151
30Q152,343000010152
30Q166,343000010166
30Q171,343000010171
30Q204,343000010204
30Q212,343000010212
30Q222,343000010222
30Q227,343000011227
30Q228,343000010228
30Q230,343000010230
30Q234,343000010234
30Q235,343000010235
30Q258,343000011258
30Q280,343000010280
30Q286,343000011286
30Q291,343000010291
30Q300,343000010300
30Q301,343000011301
30Q329,343000010329
30Q361,343000010361
30Q384,343000010384
30Q389,0
30Q398,343000010398
30Q445,343000011445
30Q450,343000011450
30Q501,343000011501
30Q502,343000011502
30Q555,343000011555
30Q575,343000011575
30Q580,343000011580
31R001,353100010001
31R002,353100010002
31R003,353100010003
31R004,353100010004
31R005,353100010005
31R006,353100010006
31R007,353100010007
31R008,353100010008
31R009,353100010009
31R010,353100010010
31R011,353100010011
31R013,353100010013
31R016,353100010016
31R018,353100010018
31R019,353100010019
31R020,353100010020
31R021,353100010021
31R022,353100010022
31R023,353100010023
31R024,353100010024
31R026,353100010026
31R027,353100010027
31R028,353100010028
31R029,353100010029
31R030,353100010030
31R031,353100010031
31R032,353100010032
31R034,353100010034
31R035,353100010035
31R036,353100010036
31R038,353100010038
31R039,353100010039
31R041,353100010041
31R042,353100010042
31R044,353100010044
31R045,353100010045
31R046,353100010046
31R047,353100011047
31R048,353100010048
31R049,353100010049
31R050,353100010050
31R051,353100010051
31R052,353100010052
31R053,353100010053
31R054,353100010054
31R055,353100010055
31R056,353100010056
31R057,353100010057
31R058,353100010058
31R059,353100010059
31R060,353100010060
31R061,353100010061
31R062,353100010062
31R063,353100010063
31R064,353100011064
31R065,353100010065
31R066,0
31R068,353100010068
31R069,353100010069
31R072,353100010072
31R074,353100010074
31R075,353100010075
31R078,353100010078
31R080,353100011080
31R440,353100011440
31R445,353100011445
31R450,353100011450
31R455,353100011455
31R460,353100011460
31R470,353100011470
31R600,353100011600
31R605,353100011605
31R861,353100010861
32K045,333200010045
32K075,333200010075
32K086,333200010086
32K106,333200010106
32K116,333200010116
32K123,333200010123
32K145,333200010145
32K151,333200010151
32K162,333200010162
32K168,333200011168
32K274,333200010274
32K291,333200010291
32K299,333200010299
32K347,333200010347
32K349,333200010349
32K376,333200010376
32K377,333200010377
32K383,333200010383
32K384,333200010384
32K403,333200011403
32K545,333200011545
32K549,333200011549
32K552,333200011552
32K554,333200011554
32K556,333200011556
32K562,333200010562
32K564,333200010564
75K004,307500013004
75K036,307500013036
75K053,307500013053
75K077,307500013077
75K140,307500013140
75K141,307500013141
75K231,307500013231
75K368,307500013368
75K369,307500013369
75K370,307500013370
75K371,307500013371
75K372,307500013372
75K373,307500013373
75K396,307500013396
75K721,307500013721
75K753,307500013753
75K771,307500013771
75K811,307500013811
75M035,307500011035
75M079,307500011079
75M094,307500011094
75M138,307500011138
75M169,307500011169
75M226,307500011226
75M401,307500011401
75M501,307500010000
75M721,307500011721
75M751,307500011751
75M811,307500011811
75Q004,307500014004
75Q009,307500014009
75Q023,307500014023
75Q075,307500014075
75Q177,307500014177
75Q224,307500014224
75Q233,307500014233
75Q255,307500014255
75Q256,0
75Q277,307500014277
75Q721,307500014721
75Q752,307500014752
75Q811,307500014811
75Q993,307500014993
75R025,307500015025
75R037,307500015037
75R373,307500015373
75R721,307500015721
75X010,307500012010
75X012,307500012012
75X017,307500012017
75X168,307500012168
75X176,307500012176
75X186,307500012186
75X188,307500012188
75X352,307500012352
75X469,307500012469
75X596,307500012596
75X721,307500012721
75X723,307500012723
75X754,307500012754
75X811,307500012811
79K925,0
79M331,0
79M379,0
79M645,0
79M973,0
79Q344,0
79Q950,0
79X695,0
84K037,331400861021
84K125,331400861022
84K129,331500861023
84K182,331400861024
84K333,331700861027
84K355,331400860885
84K356,331700860879
84K357,331700860882
84K358,331900860880
84K360,331600861003
84K362,331500860878
84K367,331400861007
84K379,331800860702
84K395,332300861007
84K406,331600860975
84K417,331300861006
84K473,331400860865
84K486,331500861016
84K508,331300860902
84K517,331300860901
84K536,331300860893
84K538,333200860906
84K593,331600860860
84K608,331800860908
84K626,332300860912
84K648,331600860918
84K649,331600860924
84K651,331500860927
84K652,331800860916
84K680,331900860993
84K693,331400860945
84K701,331400860809
84K702,331300860810
84K704,331700860841
84K707,331500860935
84K710,332300860939
84K711,332300860942
84K712,331600860938
84K724,331800860943
84K730,331500860953
84K731,331600860847
84K733,333200861059
84K736,331800861057
84K737,332300860954
84K738,332200861053
84K739,332200861051
84K740,331900860958
84K741,331700861041
84K742,331700860950
84K744,332100860949
84K746,332200860955
84K752,331300861039
84K756,331700861040
84K757,331300861056
84K758,331500861011
84K759,331800861033
84K766,331300861079
84K769,331900860972
84K772,332100861075
84K774,331900860933
84K775,332300860941
84K777,332300860936
84K780,331300860937
84K781,332200861076
84K782,331600860971
84K784,333200861045
84K785,331900860973
84K788,331900861072
84K789,331300861066
84K790,332200861050
84K791,332200860978
84K792,331800860988
84K793,333200860987
84K803,331300861063
84K807,331900861065
84K876,331700861086
84K879,331300861077
84K882,333200861096
84K883,331600861095
84K886,331700861094
84K892,331600861112
84K895,332100861123
84K910,331900861131
84K911,331300861110
84K912,332300861127
84K927,331800861146
84K928,331500861162
84K929,331900861132
84K930,331500861158
84K933,331700861164
84K934,331700861165
84K937,331500861156
84K956,0
84M065,310500861001
84M068,310600861013
84M080,310100861031
84M085,310500861012
84M100,310500861015
84M168,310400861046
84M170,310200861043
84M174,310200861042
84M186,310300861034
84M202,310100861055
84M204,310400861081
84M263,310200861104
84M265,310600861073
84M279,310300860871
84M284,310500860864
84M295,310600861101
84M320,310100860873
84M329,310300860875
84M330,310100860866
84M335,310400860849
84M336,310500860883
84M337,310400861061
84M338,310600861111
84M341,310500860886
84M350,310500860894
84M351,310300860897
84M353,310600860887
84M357,310500861088
84M358,310200861087
84M373,310600861140
84M380,310500861149
84M382,310400860919
84M383,310500861171
84M384,310500860921
84M385,310400860922
84M386,310300860923
84M388,310500860928
84M430,310600860929
84M433,310400860968
84M478,310600860966
84M481,310500860989
84M482,310500860979
84M483,310300860963
84M518,310400860995
84M522,310200860992
84M523,310300861008
84M702,310300860804
84M704,310400860812
84M705,310400860806
84M707,310200860819
84M708,310400860840
84M709,310500860848
84M726,310500860858
84M861,310300860881
84Q083,342400861025
84Q170,342700860869
84Q298,342400861048
84Q304,343000860932
84Q320,342700861054
84Q321,343000860952
84Q337,342900861077
84Q339,342900861078
84Q340,342700860990
84Q341,342900860974
84Q342,342800860969
84Q359,343000860998
84Q372,342800860824
84Q373,342700861052
84Q374,342700861099
84Q375,342700861090
84Q380,342400861113
84Q385,342500861133
84Q386,342700861118
84Q387,343000861152
84Q388,342700861147
84Q414,0
84Q704,342900860821
84Q705,343000860822
84Q706,343000860836
84R012,353100861083
84R067,353100860959
84R070,353100861136
84R073,353100860984
84R076,353100861144
84R077,353100861175
84X124,321200861026
84X133,320900861029
84X165,320800860872
84X177,320900861004
84X185,321200860870
84X200,321200861010
84X202,320800861017
84X208,320700861018
84X233,320700861028
84X255,321100860859
84X309,320700860889
84X345,320800860903
84X346,321200860898
84X347,321000860904
84X362,320800861030
84X364,320700861035
84X378,321100860909
84X380,320800861044
84X387,320700861014
84X389,320700860915
84X393,320700860920
84X394,320700860925
84X395,320700860926
84X398,321000860914
84X407,320700860852
84X419,320900860913
84X422,321100860917
84X429,321000861064
84X460,321000861075
84X461,320900860962
84X464,320800861074
84X465,320700860994
84X471,320700861062
84X472,320700861070
84X482,321200860965
84X484,321100861076
84X486,320900861073
84X487,320800860940
84X488,321100860956
84X489,0
84X491,320700860957
84X492,320800861068
84X493,320700860981
84X494,320900860980
84X496,321100860948
84X497,320700861080
84X538,321100860982
84X539,321000860999
84X553,321000860704
84X554,320700861005
84X579,321100861103
84X581,320700861100
84X585,320700861114
84X586,320700861106
84X587,321200861108
84X588,0
84X589,321100861115
84X592,321000861074
84X597,321200861107
84X598,321000861135
84X599,321000861130
84X606,320800861126
84X608,321100861120
84X609,320700861141
84X610,320700861139
84X611,320700861154
84X612,320700861145
84X613,320800861143
84X614,320700861167
84X615,320700861173
84X616,321000861150
84X617,321000861151
84X619,320800861155
84X620,321000861121
84X623,320700861137
84X627,0
84X628,0
84X629,0
84X630,0
84X631,0
84X632,0
84X633,0
84X703,320900860807
84X704,320700860820
84X705,320900860839
84X706,320900860823
84X717,320900860835
84X718,321100860855
84X730,320800860846
